<?xml version="1.0" encoding="UTF-8"?>
<Gesture Name="arrowhead" Subject="2" NumPts="2" TimeOfDay="9:12:24 PM">
    <Stroke index="1">
        <Point X="273" Y="257" T="1302127082357" Pressure="128"/>
        <Point X="274" Y="257" T="1302127082358" Pressure="128"/>
        <Point X="275" Y="257" T="1302127082359" Pressure="128"/>
        <Point X="276" Y="257" T="1302127082360" Pressure="128"/>
        <Point X="277" Y="257" T="1302127082361" Pressure="128"/>
        <Point X="278" Y="257" T="1302127082362" Pressure="128"/>
        <Point X="279" Y="257" T="1302127082363" Pressure="128"/>
        <Point X="280" Y="257" T="1302127082364" Pressure="128"/>
        <Point X="281" Y="256" T="1302127082365" Pressure="128"/>
        <Point X="282" Y="256" T="1302127082366" Pressure="128"/>
        <Point X="283" Y="256" T="1302127082367" Pressure="128"/>
        <Point X="284" Y="256" T="1302127082368" Pressure="128"/>
        <Point X="285" Y="256" T="1302127082369" Pressure="128"/>
        <Point X="286" Y="256" T="1302127082370" Pressure="128"/>
        <Point X="287" Y="256" T="1302127082371" Pressure="128"/>
        <Point X="288" Y="256" T="1302127082372" Pressure="128"/>
        <Point X="289" Y="256" T="1302127082373" Pressure="128"/>
        <Point X="290" Y="256" T="1302127082374" Pressure="128"/>
        <Point X="291" Y="256" T="1302127082375" Pressure="128"/>
        <Point X="292" Y="256" T="1302127082376" Pressure="128"/>
        <Point X="294" Y="256" T="1302127082377" Pressure="128"/>
        <Point X="295" Y="256" T="1302127082378" Pressure="128"/>
        <Point X="296" Y="256" T="1302127082379" Pressure="128"/>
        <Point X="297" Y="256" T="1302127082380" Pressure="128"/>
        <Point X="298" Y="256" T="1302127082381" Pressure="128"/>
        <Point X="299" Y="256" T="1302127082382" Pressure="128"/>
        <Point X="301" Y="256" T="1302127082383" Pressure="128"/>
        <Point X="302" Y="256" T="1302127082384" Pressure="128"/>
        <Point X="303" Y="256" T="1302127082385" Pressure="128"/>
        <Point X="305" Y="256" T="1302127082386" Pressure="128"/>
        <Point X="307" Y="256" T="1302127082387" Pressure="128"/>
        <Point X="309" Y="256" T="1302127082388" Pressure="128"/>
        <Point X="310" Y="257" T="1302127082389" Pressure="128"/>
        <Point X="311" Y="257" T="1302127082390" Pressure="128"/>
        <Point X="312" Y="257" T="1302127082391" Pressure="128"/>
        <Point X="313" Y="257" T="1302127082392" Pressure="128"/>
        <Point X="315" Y="257" T="1302127082393" Pressure="128"/>
        <Point X="316" Y="257" T="1302127082394" Pressure="128"/>
        <Point X="318" Y="257" T="1302127082395" Pressure="128"/>
        <Point X="320" Y="257" T="1302127082396" Pressure="128"/>
        <Point X="321" Y="257" T="1302127082397" Pressure="128"/>
        <Point X="323" Y="258" T="1302127082398" Pressure="128"/>
        <Point X="324" Y="258" T="1302127082399" Pressure="128"/>
        <Point X="326" Y="258" T="1302127082400" Pressure="128"/>
        <Point X="327" Y="258" T="1302127082401" Pressure="128"/>
        <Point X="329" Y="258" T="1302127082402" Pressure="128"/>
        <Point X="334" Y="258" T="1302127082403" Pressure="128"/>
        <Point X="337" Y="259" T="1302127082404" Pressure="128"/>
        <Point X="338" Y="259" T="1302127082405" Pressure="128"/>
        <Point X="339" Y="259" T="1302127082406" Pressure="128"/>
        <Point X="343" Y="259" T="1302127082407" Pressure="128"/>
        <Point X="344" Y="259" T="1302127082408" Pressure="128"/>
        <Point X="346" Y="259" T="1302127082409" Pressure="128"/>
        <Point X="348" Y="259" T="1302127082410" Pressure="128"/>
        <Point X="349" Y="259" T="1302127082411" Pressure="128"/>
        <Point X="351" Y="259" T="1302127082412" Pressure="128"/>
        <Point X="354" Y="259" T="1302127082413" Pressure="128"/>
        <Point X="355" Y="259" T="1302127082414" Pressure="128"/>
        <Point X="357" Y="259" T="1302127082415" Pressure="128"/>
        <Point X="358" Y="259" T="1302127082416" Pressure="128"/>
        <Point X="360" Y="259" T="1302127082417" Pressure="128"/>
        <Point X="361" Y="259" T="1302127082418" Pressure="128"/>
        <Point X="363" Y="259" T="1302127082419" Pressure="128"/>
        <Point X="364" Y="259" T="1302127082420" Pressure="128"/>
        <Point X="367" Y="259" T="1302127082421" Pressure="128"/>
        <Point X="369" Y="259" T="1302127082422" Pressure="128"/>
        <Point X="371" Y="259" T="1302127082423" Pressure="128"/>
        <Point X="372" Y="259" T="1302127082424" Pressure="128"/>
        <Point X="375" Y="260" T="1302127082425" Pressure="128"/>
        <Point X="377" Y="260" T="1302127082426" Pressure="128"/>
        <Point X="379" Y="260" T="1302127082427" Pressure="128"/>
        <Point X="380" Y="260" T="1302127082428" Pressure="128"/>
        <Point X="383" Y="260" T="1302127082429" Pressure="128"/>
        <Point X="384" Y="260" T="1302127082430" Pressure="128"/>
        <Point X="386" Y="260" T="1302127082431" Pressure="128"/>
        <Point X="388" Y="260" T="1302127082432" Pressure="128"/>
        <Point X="391" Y="260" T="1302127082433" Pressure="128"/>
        <Point X="393" Y="260" T="1302127082434" Pressure="128"/>
        <Point X="396" Y="260" T="1302127082435" Pressure="128"/>
        <Point X="398" Y="260" T="1302127082436" Pressure="128"/>
        <Point X="400" Y="260" T="1302127082437" Pressure="128"/>
        <Point X="402" Y="260" T="1302127082438" Pressure="128"/>
        <Point X="403" Y="260" T="1302127082439" Pressure="128"/>
        <Point X="405" Y="260" T="1302127082440" Pressure="128"/>
        <Point X="407" Y="260" T="1302127082441" Pressure="128"/>
        <Point X="408" Y="260" T="1302127082442" Pressure="128"/>
        <Point X="412" Y="260" T="1302127082443" Pressure="128"/>
        <Point X="413" Y="260" T="1302127082444" Pressure="128"/>
        <Point X="416" Y="260" T="1302127082445" Pressure="128"/>
        <Point X="417" Y="260" T="1302127082446" Pressure="128"/>
        <Point X="419" Y="260" T="1302127082447" Pressure="128"/>
        <Point X="420" Y="260" T="1302127082448" Pressure="128"/>
        <Point X="422" Y="260" T="1302127082449" Pressure="128"/>
        <Point X="425" Y="260" T="1302127082450" Pressure="128"/>
        <Point X="427" Y="260" T="1302127082451" Pressure="128"/>
        <Point X="430" Y="260" T="1302127082452" Pressure="128"/>
        <Point X="431" Y="260" T="1302127082453" Pressure="128"/>
        <Point X="433" Y="260" T="1302127082454" Pressure="128"/>
        <Point X="434" Y="260" T="1302127082455" Pressure="128"/>
        <Point X="438" Y="260" T="1302127082456" Pressure="128"/>
        <Point X="439" Y="260" T="1302127082457" Pressure="128"/>
        <Point X="441" Y="260" T="1302127082458" Pressure="128"/>
        <Point X="443" Y="260" T="1302127082459" Pressure="128"/>
        <Point X="444" Y="260" T="1302127082460" Pressure="128"/>
        <Point X="447" Y="260" T="1302127082461" Pressure="128"/>
        <Point X="449" Y="260" T="1302127082462" Pressure="128"/>
        <Point X="451" Y="260" T="1302127082463" Pressure="128"/>
        <Point X="453" Y="260" T="1302127082464" Pressure="128"/>
        <Point X="455" Y="260" T="1302127082465" Pressure="128"/>
        <Point X="459" Y="261" T="1302127082466" Pressure="128"/>
        <Point X="462" Y="261" T="1302127082467" Pressure="128"/>
        <Point X="464" Y="261" T="1302127082468" Pressure="128"/>
        <Point X="465" Y="261" T="1302127082469" Pressure="128"/>
        <Point X="468" Y="261" T="1302127082470" Pressure="128"/>
        <Point X="469" Y="261" T="1302127082471" Pressure="128"/>
        <Point X="472" Y="261" T="1302127082472" Pressure="128"/>
        <Point X="477" Y="261" T="1302127082473" Pressure="128"/>
        <Point X="478" Y="261" T="1302127082474" Pressure="128"/>
        <Point X="481" Y="261" T="1302127082475" Pressure="128"/>
        <Point X="483" Y="261" T="1302127082476" Pressure="128"/>
        <Point X="485" Y="261" T="1302127082477" Pressure="128"/>
        <Point X="487" Y="261" T="1302127082478" Pressure="128"/>
        <Point X="490" Y="261" T="1302127082479" Pressure="128"/>
        <Point X="494" Y="261" T="1302127082480" Pressure="128"/>
        <Point X="497" Y="261" T="1302127082481" Pressure="128"/>
        <Point X="500" Y="261" T="1302127082482" Pressure="128"/>
        <Point X="502" Y="261" T="1302127082483" Pressure="128"/>
        <Point X="503" Y="261" T="1302127082484" Pressure="128"/>
        <Point X="504" Y="261" T="1302127082485" Pressure="128"/>
        <Point X="506" Y="261" T="1302127082486" Pressure="128"/>
        <Point X="507" Y="261" T="1302127082487" Pressure="128"/>
        <Point X="514" Y="261" T="1302127082488" Pressure="128"/>
        <Point X="517" Y="261" T="1302127082489" Pressure="128"/>
        <Point X="519" Y="261" T="1302127082490" Pressure="128"/>
        <Point X="520" Y="261" T="1302127082491" Pressure="128"/>
        <Point X="523" Y="261" T="1302127082492" Pressure="128"/>
        <Point X="524" Y="261" T="1302127082493" Pressure="128"/>
        <Point X="528" Y="261" T="1302127082494" Pressure="128"/>
        <Point X="530" Y="261" T="1302127082495" Pressure="128"/>
        <Point X="531" Y="261" T="1302127082496" Pressure="128"/>
        <Point X="533" Y="261" T="1302127082497" Pressure="128"/>
        <Point X="534" Y="261" T="1302127082498" Pressure="128"/>
        <Point X="537" Y="261" T="1302127082499" Pressure="128"/>
        <Point X="540" Y="261" T="1302127082500" Pressure="128"/>
        <Point X="544" Y="261" T="1302127082501" Pressure="128"/>
        <Point X="548" Y="261" T="1302127082502" Pressure="128"/>
        <Point X="552" Y="261" T="1302127082503" Pressure="128"/>
        <Point X="557" Y="261" T="1302127082504" Pressure="128"/>
        <Point X="560" Y="261" T="1302127082505" Pressure="128"/>
        <Point X="564" Y="261" T="1302127082506" Pressure="128"/>
        <Point X="568" Y="261" T="1302127082507" Pressure="128"/>
        <Point X="571" Y="261" T="1302127082508" Pressure="128"/>
        <Point X="574" Y="261" T="1302127082509" Pressure="128"/>
        <Point X="575" Y="261" T="1302127082510" Pressure="128"/>
        <Point X="577" Y="261" T="1302127082511" Pressure="128"/>
        <Point X="579" Y="261" T="1302127082512" Pressure="128"/>
        <Point X="581" Y="261" T="1302127082513" Pressure="128"/>
        <Point X="582" Y="261" T="1302127082514" Pressure="128"/>
        <Point X="585" Y="260" T="1302127082515" Pressure="128"/>
        <Point X="586" Y="260" T="1302127082516" Pressure="128"/>
        <Point X="588" Y="260" T="1302127082517" Pressure="128"/>
        <Point X="589" Y="260" T="1302127082518" Pressure="128"/>
        <Point X="593" Y="260" T="1302127082519" Pressure="128"/>
        <Point X="596" Y="260" T="1302127082520" Pressure="128"/>
        <Point X="599" Y="260" T="1302127082521" Pressure="128"/>
        <Point X="601" Y="260" T="1302127082522" Pressure="128"/>
        <Point X="603" Y="260" T="1302127082523" Pressure="128"/>
        <Point X="606" Y="260" T="1302127082524" Pressure="128"/>
        <Point X="607" Y="260" T="1302127082525" Pressure="128"/>
        <Point X="608" Y="260" T="1302127082526" Pressure="128"/>
        <Point X="612" Y="260" T="1302127082527" Pressure="128"/>
        <Point X="614" Y="260" T="1302127082528" Pressure="128"/>
        <Point X="616" Y="260" T="1302127082529" Pressure="128"/>
        <Point X="618" Y="260" T="1302127082530" Pressure="128"/>
        <Point X="621" Y="260" T="1302127082531" Pressure="128"/>
        <Point X="622" Y="260" T="1302127082532" Pressure="128"/>
        <Point X="624" Y="260" T="1302127082533" Pressure="128"/>
        <Point X="626" Y="260" T="1302127082534" Pressure="128"/>
        <Point X="628" Y="260" T="1302127082535" Pressure="128"/>
        <Point X="631" Y="259" T="1302127082536" Pressure="128"/>
        <Point X="633" Y="259" T="1302127082537" Pressure="128"/>
        <Point X="635" Y="259" T="1302127082538" Pressure="128"/>
        <Point X="636" Y="259" T="1302127082539" Pressure="128"/>
        <Point X="638" Y="259" T="1302127082540" Pressure="128"/>
        <Point X="639" Y="259" T="1302127082541" Pressure="128"/>
        <Point X="641" Y="259" T="1302127082542" Pressure="128"/>
        <Point X="642" Y="259" T="1302127082543" Pressure="128"/>
        <Point X="644" Y="259" T="1302127082544" Pressure="128"/>
        <Point X="645" Y="259" T="1302127082545" Pressure="128"/>
        <Point X="646" Y="259" T="1302127082546" Pressure="128"/>
        <Point X="647" Y="259" T="1302127082547" Pressure="128"/>
        <Point X="648" Y="259" T="1302127082548" Pressure="128"/>
        <Point X="648" Y="259" T="1302127082549" Pressure="128"/>
        <Point X="523" Y="212" T="1302127082550" Pressure="128"/>
        <Point X="524" Y="212" T="1302127082551" Pressure="128"/>
        <Point X="525" Y="212" T="1302127082552" Pressure="128"/>
        <Point X="526" Y="212" T="1302127082553" Pressure="128"/>
        <Point X="526" Y="213" T="1302127082554" Pressure="128"/>
        <Point X="527" Y="213" T="1302127082555" Pressure="128"/>
        <Point X="528" Y="213" T="1302127082556" Pressure="128"/>
        <Point X="529" Y="213" T="1302127082557" Pressure="128"/>
        <Point X="530" Y="214" T="1302127082558" Pressure="128"/>
        <Point X="531" Y="214" T="1302127082559" Pressure="128"/>
        <Point X="534" Y="215" T="1302127082560" Pressure="128"/>
        <Point X="535" Y="215" T="1302127082561" Pressure="128"/>
        <Point X="536" Y="216" T="1302127082562" Pressure="128"/>
        <Point X="537" Y="216" T="1302127082563" Pressure="128"/>
        <Point X="539" Y="217" T="1302127082564" Pressure="128"/>
        <Point X="540" Y="217" T="1302127082565" Pressure="128"/>
        <Point X="542" Y="218" T="1302127082566" Pressure="128"/>
        <Point X="544" Y="218" T="1302127082567" Pressure="128"/>
        <Point X="546" Y="219" T="1302127082568" Pressure="128"/>
        <Point X="547" Y="219" T="1302127082569" Pressure="128"/>
        <Point X="549" Y="220" T="1302127082570" Pressure="128"/>
        <Point X="551" Y="220" T="1302127082571" Pressure="128"/>
        <Point X="553" Y="221" T="1302127082572" Pressure="128"/>
        <Point X="555" Y="221" T="1302127082573" Pressure="128"/>
        <Point X="557" Y="222" T="1302127082574" Pressure="128"/>
        <Point X="558" Y="222" T="1302127082575" Pressure="128"/>
        <Point X="560" Y="223" T="1302127082576" Pressure="128"/>
        <Point X="563" Y="224" T="1302127082577" Pressure="128"/>
        <Point X="565" Y="224" T="1302127082578" Pressure="128"/>
        <Point X="566" Y="225" T="1302127082579" Pressure="128"/>
        <Point X="567" Y="225" T="1302127082580" Pressure="128"/>
        <Point X="570" Y="226" T="1302127082581" Pressure="128"/>
        <Point X="572" Y="226" T="1302127082582" Pressure="128"/>
        <Point X="573" Y="226" T="1302127082583" Pressure="128"/>
        <Point X="575" Y="227" T="1302127082584" Pressure="128"/>
        <Point X="578" Y="228" T="1302127082585" Pressure="128"/>
        <Point X="580" Y="228" T="1302127082586" Pressure="128"/>
        <Point X="582" Y="229" T="1302127082587" Pressure="128"/>
        <Point X="584" Y="229" T="1302127082588" Pressure="128"/>
        <Point X="586" Y="230" T="1302127082589" Pressure="128"/>
        <Point X="588" Y="230" T="1302127082590" Pressure="128"/>
        <Point X="589" Y="231" T="1302127082591" Pressure="128"/>
        <Point X="591" Y="232" T="1302127082592" Pressure="128"/>
        <Point X="593" Y="232" T="1302127082593" Pressure="128"/>
        <Point X="594" Y="232" T="1302127082594" Pressure="128"/>
        <Point X="596" Y="233" T="1302127082595" Pressure="128"/>
        <Point X="598" Y="233" T="1302127082596" Pressure="128"/>
        <Point X="601" Y="234" T="1302127082597" Pressure="128"/>
        <Point X="604" Y="235" T="1302127082598" Pressure="128"/>
        <Point X="606" Y="236" T="1302127082599" Pressure="128"/>
        <Point X="607" Y="236" T="1302127082600" Pressure="128"/>
        <Point X="610" Y="237" T="1302127082601" Pressure="128"/>
        <Point X="611" Y="238" T="1302127082602" Pressure="128"/>
        <Point X="614" Y="239" T="1302127082603" Pressure="128"/>
        <Point X="616" Y="239" T="1302127082604" Pressure="128"/>
        <Point X="617" Y="240" T="1302127082605" Pressure="128"/>
        <Point X="619" Y="241" T="1302127082606" Pressure="128"/>
        <Point X="622" Y="241" T="1302127082607" Pressure="128"/>
        <Point X="623" Y="242" T="1302127082608" Pressure="128"/>
        <Point X="625" Y="243" T="1302127082609" Pressure="128"/>
        <Point X="627" Y="243" T="1302127082610" Pressure="128"/>
        <Point X="629" Y="244" T="1302127082611" Pressure="128"/>
        <Point X="631" Y="245" T="1302127082612" Pressure="128"/>
        <Point X="634" Y="246" T="1302127082613" Pressure="128"/>
        <Point X="636" Y="247" T="1302127082614" Pressure="128"/>
        <Point X="638" Y="247" T="1302127082615" Pressure="128"/>
        <Point X="640" Y="248" T="1302127082616" Pressure="128"/>
        <Point X="642" Y="248" T="1302127082617" Pressure="128"/>
        <Point X="646" Y="249" T="1302127082618" Pressure="128"/>
        <Point X="648" Y="250" T="1302127082619" Pressure="128"/>
        <Point X="649" Y="250" T="1302127082620" Pressure="128"/>
        <Point X="651" Y="251" T="1302127082621" Pressure="128"/>
        <Point X="652" Y="251" T="1302127082622" Pressure="128"/>
        <Point X="653" Y="251" T="1302127082623" Pressure="128"/>
        <Point X="656" Y="252" T="1302127082624" Pressure="128"/>
        <Point X="657" Y="253" T="1302127082625" Pressure="128"/>
        <Point X="658" Y="253" T="1302127082626" Pressure="128"/>
        <Point X="659" Y="253" T="1302127082627" Pressure="128"/>
        <Point X="661" Y="253" T="1302127082628" Pressure="128"/>
        <Point X="662" Y="254" T="1302127082629" Pressure="128"/>
        <Point X="665" Y="254" T="1302127082630" Pressure="128"/>
        <Point X="667" Y="255" T="1302127082631" Pressure="128"/>
        <Point X="669" Y="255" T="1302127082632" Pressure="128"/>
        <Point X="670" Y="255" T="1302127082633" Pressure="128"/>
        <Point X="671" Y="256" T="1302127082634" Pressure="128"/>
        <Point X="672" Y="256" T="1302127082635" Pressure="128"/>
        <Point X="673" Y="256" T="1302127082636" Pressure="128"/>
        <Point X="674" Y="256" T="1302127082637" Pressure="128"/>
        <Point X="675" Y="257" T="1302127082638" Pressure="128"/>
        <Point X="676" Y="257" T="1302127082639" Pressure="128"/>
        <Point X="677" Y="257" T="1302127082640" Pressure="128"/>
        <Point X="677" Y="258" T="1302127082641" Pressure="128"/>
        <Point X="676" Y="258" T="1302127082642" Pressure="128"/>
        <Point X="675" Y="258" T="1302127082643" Pressure="128"/>
        <Point X="674" Y="258" T="1302127082644" Pressure="128"/>
        <Point X="673" Y="259" T="1302127082645" Pressure="128"/>
        <Point X="672" Y="259" T="1302127082646" Pressure="128"/>
        <Point X="672" Y="260" T="1302127082647" Pressure="128"/>
        <Point X="671" Y="260" T="1302127082648" Pressure="128"/>
        <Point X="669" Y="261" T="1302127082649" Pressure="128"/>
        <Point X="669" Y="262" T="1302127082650" Pressure="128"/>
        <Point X="667" Y="262" T="1302127082651" Pressure="128"/>
        <Point X="666" Y="263" T="1302127082652" Pressure="128"/>
        <Point X="665" Y="264" T="1302127082653" Pressure="128"/>
        <Point X="663" Y="265" T="1302127082654" Pressure="128"/>
        <Point X="660" Y="266" T="1302127082655" Pressure="128"/>
        <Point X="660" Y="267" T="1302127082656" Pressure="128"/>
        <Point X="658" Y="268" T="1302127082657" Pressure="128"/>
        <Point X="655" Y="269" T="1302127082658" Pressure="128"/>
        <Point X="653" Y="270" T="1302127082659" Pressure="128"/>
        <Point X="652" Y="271" T="1302127082660" Pressure="128"/>
        <Point X="651" Y="272" T="1302127082661" Pressure="128"/>
        <Point X="649" Y="273" T="1302127082662" Pressure="128"/>
        <Point X="647" Y="273" T="1302127082663" Pressure="128"/>
        <Point X="647" Y="274" T="1302127082664" Pressure="128"/>
        <Point X="644" Y="275" T="1302127082665" Pressure="128"/>
        <Point X="643" Y="276" T="1302127082666" Pressure="128"/>
        <Point X="642" Y="276" T="1302127082667" Pressure="128"/>
        <Point X="641" Y="276" T="1302127082668" Pressure="128"/>
        <Point X="638" Y="277" T="1302127082669" Pressure="128"/>
        <Point X="637" Y="278" T="1302127082670" Pressure="128"/>
        <Point X="636" Y="278" T="1302127082671" Pressure="128"/>
        <Point X="634" Y="279" T="1302127082672" Pressure="128"/>
        <Point X="632" Y="280" T="1302127082673" Pressure="128"/>
        <Point X="629" Y="281" T="1302127082674" Pressure="128"/>
        <Point X="627" Y="282" T="1302127082675" Pressure="128"/>
        <Point X="623" Y="283" T="1302127082676" Pressure="128"/>
        <Point X="622" Y="284" T="1302127082677" Pressure="128"/>
        <Point X="619" Y="285" T="1302127082678" Pressure="128"/>
        <Point X="616" Y="286" T="1302127082679" Pressure="128"/>
        <Point X="614" Y="287" T="1302127082680" Pressure="128"/>
        <Point X="611" Y="288" T="1302127082681" Pressure="128"/>
        <Point X="609" Y="289" T="1302127082682" Pressure="128"/>
        <Point X="605" Y="290" T="1302127082683" Pressure="128"/>
        <Point X="602" Y="291" T="1302127082684" Pressure="128"/>
        <Point X="600" Y="292" T="1302127082685" Pressure="128"/>
        <Point X="599" Y="292" T="1302127082686" Pressure="128"/>
        <Point X="596" Y="293" T="1302127082687" Pressure="128"/>
        <Point X="593" Y="294" T="1302127082688" Pressure="128"/>
        <Point X="590" Y="294" T="1302127082689" Pressure="128"/>
        <Point X="587" Y="295" T="1302127082690" Pressure="128"/>
        <Point X="583" Y="297" T="1302127082691" Pressure="128"/>
        <Point X="582" Y="297" T="1302127082692" Pressure="128"/>
        <Point X="579" Y="298" T="1302127082693" Pressure="128"/>
        <Point X="576" Y="299" T="1302127082694" Pressure="128"/>
        <Point X="574" Y="300" T="1302127082695" Pressure="128"/>
        <Point X="571" Y="301" T="1302127082696" Pressure="128"/>
        <Point X="567" Y="303" T="1302127082697" Pressure="128"/>
        <Point X="566" Y="303" T="1302127082698" Pressure="128"/>
        <Point X="563" Y="304" T="1302127082699" Pressure="128"/>
        <Point X="559" Y="306" T="1302127082700" Pressure="128"/>
        <Point X="556" Y="306" T="1302127082701" Pressure="128"/>
        <Point X="552" Y="308" T="1302127082702" Pressure="128"/>
        <Point X="548" Y="310" T="1302127082703" Pressure="128"/>
        <Point X="547" Y="310" T="1302127082704" Pressure="128"/>
        <Point X="544" Y="311" T="1302127082705" Pressure="128"/>
        <Point X="541" Y="312" T="1302127082706" Pressure="128"/>
        <Point X="537" Y="314" T="1302127082707" Pressure="128"/>
        <Point X="535" Y="314" T="1302127082708" Pressure="128"/>
        <Point X="533" Y="315" T="1302127082709" Pressure="128"/>
        <Point X="529" Y="317" T="1302127082710" Pressure="128"/>
        <Point X="525" Y="318" T="1302127082711" Pressure="128"/>
        <Point X="524" Y="319" T="1302127082712" Pressure="128"/>
        <Point X="523" Y="320" T="1302127082713" Pressure="128"/>
        <Point X="521" Y="321" T="1302127082714" Pressure="128"/>
        <Point X="520" Y="321" T="1302127082715" Pressure="128"/>
        <Point X="520" Y="322" T="1302127082716" Pressure="128"/>
        <Point X="519" Y="322" T="1302127082717" Pressure="128"/>
        <Point X="518" Y="322" T="1302127082718" Pressure="128"/>
        <Point X="518" Y="323" T="1302127082719" Pressure="128"/>
        <Point X="517" Y="323" T="1302127082720" Pressure="128"/>
        <Point X="517" Y="323" T="1302127082721" Pressure="128"/>
    </Stroke>
    <Stroke index="2">
        <Point X="273" Y="257" T="1302127082722" Pressure="128"/>
        <Point X="274" Y="257" T="1302127082723" Pressure="128"/>
        <Point X="275" Y="257" T="1302127082724" Pressure="128"/>
        <Point X="276" Y="257" T="1302127082725" Pressure="128"/>
        <Point X="277" Y="257" T="1302127082726" Pressure="128"/>
        <Point X="278" Y="257" T="1302127082727" Pressure="128"/>
        <Point X="279" Y="257" T="1302127082728" Pressure="128"/>
        <Point X="280" Y="257" T="1302127082729" Pressure="128"/>
        <Point X="281" Y="256" T="1302127082730" Pressure="128"/>
        <Point X="282" Y="256" T="1302127082731" Pressure="128"/>
        <Point X="283" Y="256" T="1302127082732" Pressure="128"/>
        <Point X="284" Y="256" T="1302127082733" Pressure="128"/>
        <Point X="285" Y="256" T="1302127082734" Pressure="128"/>
        <Point X="286" Y="256" T="1302127082735" Pressure="128"/>
        <Point X="287" Y="256" T="1302127082736" Pressure="128"/>
        <Point X="288" Y="256" T="1302127082737" Pressure="128"/>
        <Point X="289" Y="256" T="1302127082738" Pressure="128"/>
        <Point X="290" Y="256" T="1302127082739" Pressure="128"/>
        <Point X="291" Y="256" T="1302127082740" Pressure="128"/>
        <Point X="292" Y="256" T="1302127082741" Pressure="128"/>
        <Point X="294" Y="256" T="1302127082742" Pressure="128"/>
        <Point X="295" Y="256" T="1302127082743" Pressure="128"/>
        <Point X="296" Y="256" T="1302127082744" Pressure="128"/>
        <Point X="297" Y="256" T="1302127082745" Pressure="128"/>
        <Point X="298" Y="256" T="1302127082746" Pressure="128"/>
        <Point X="299" Y="256" T="1302127082747" Pressure="128"/>
        <Point X="301" Y="256" T="1302127082748" Pressure="128"/>
        <Point X="302" Y="256" T="1302127082749" Pressure="128"/>
        <Point X="303" Y="256" T="1302127082750" Pressure="128"/>
        <Point X="305" Y="256" T="1302127082751" Pressure="128"/>
        <Point X="307" Y="256" T="1302127082752" Pressure="128"/>
        <Point X="309" Y="256" T="1302127082753" Pressure="128"/>
        <Point X="310" Y="257" T="1302127082754" Pressure="128"/>
        <Point X="311" Y="257" T="1302127082755" Pressure="128"/>
        <Point X="312" Y="257" T="1302127082756" Pressure="128"/>
        <Point X="313" Y="257" T="1302127082757" Pressure="128"/>
        <Point X="315" Y="257" T="1302127082758" Pressure="128"/>
        <Point X="316" Y="257" T="1302127082759" Pressure="128"/>
        <Point X="318" Y="257" T="1302127082760" Pressure="128"/>
        <Point X="320" Y="257" T="1302127082761" Pressure="128"/>
        <Point X="321" Y="257" T="1302127082762" Pressure="128"/>
        <Point X="323" Y="258" T="1302127082763" Pressure="128"/>
        <Point X="324" Y="258" T="1302127082764" Pressure="128"/>
        <Point X="326" Y="258" T="1302127082765" Pressure="128"/>
        <Point X="327" Y="258" T="1302127082766" Pressure="128"/>
        <Point X="329" Y="258" T="1302127082767" Pressure="128"/>
        <Point X="334" Y="258" T="1302127082768" Pressure="128"/>
        <Point X="337" Y="259" T="1302127082769" Pressure="128"/>
        <Point X="338" Y="259" T="1302127082770" Pressure="128"/>
        <Point X="339" Y="259" T="1302127082771" Pressure="128"/>
        <Point X="343" Y="259" T="1302127082772" Pressure="128"/>
        <Point X="344" Y="259" T="1302127082773" Pressure="128"/>
        <Point X="346" Y="259" T="1302127082774" Pressure="128"/>
        <Point X="348" Y="259" T="1302127082775" Pressure="128"/>
        <Point X="349" Y="259" T="1302127082776" Pressure="128"/>
        <Point X="351" Y="259" T="1302127082777" Pressure="128"/>
        <Point X="354" Y="259" T="1302127082778" Pressure="128"/>
        <Point X="355" Y="259" T="1302127082779" Pressure="128"/>
        <Point X="357" Y="259" T="1302127082780" Pressure="128"/>
        <Point X="358" Y="259" T="1302127082781" Pressure="128"/>
        <Point X="360" Y="259" T="1302127082782" Pressure="128"/>
        <Point X="361" Y="259" T="1302127082783" Pressure="128"/>
        <Point X="363" Y="259" T="1302127082784" Pressure="128"/>
        <Point X="364" Y="259" T="1302127082785" Pressure="128"/>
        <Point X="367" Y="259" T="1302127082786" Pressure="128"/>
        <Point X="369" Y="259" T="1302127082787" Pressure="128"/>
        <Point X="371" Y="259" T="1302127082788" Pressure="128"/>
        <Point X="372" Y="259" T="1302127082789" Pressure="128"/>
        <Point X="375" Y="260" T="1302127082790" Pressure="128"/>
        <Point X="377" Y="260" T="1302127082791" Pressure="128"/>
        <Point X="379" Y="260" T="1302127082792" Pressure="128"/>
        <Point X="380" Y="260" T="1302127082793" Pressure="128"/>
        <Point X="383" Y="260" T="1302127082794" Pressure="128"/>
        <Point X="384" Y="260" T="1302127082795" Pressure="128"/>
        <Point X="386" Y="260" T="1302127082796" Pressure="128"/>
        <Point X="388" Y="260" T="1302127082797" Pressure="128"/>
        <Point X="391" Y="260" T="1302127082798" Pressure="128"/>
        <Point X="393" Y="260" T="1302127082799" Pressure="128"/>
        <Point X="396" Y="260" T="1302127082800" Pressure="128"/>
        <Point X="398" Y="260" T="1302127082801" Pressure="128"/>
        <Point X="400" Y="260" T="1302127082802" Pressure="128"/>
        <Point X="402" Y="260" T="1302127082803" Pressure="128"/>
        <Point X="403" Y="260" T="1302127082804" Pressure="128"/>
        <Point X="405" Y="260" T="1302127082805" Pressure="128"/>
        <Point X="407" Y="260" T="1302127082806" Pressure="128"/>
        <Point X="408" Y="260" T="1302127082807" Pressure="128"/>
        <Point X="412" Y="260" T="1302127082808" Pressure="128"/>
        <Point X="413" Y="260" T="1302127082809" Pressure="128"/>
        <Point X="416" Y="260" T="1302127082810" Pressure="128"/>
        <Point X="417" Y="260" T="1302127082811" Pressure="128"/>
        <Point X="419" Y="260" T="1302127082812" Pressure="128"/>
        <Point X="420" Y="260" T="1302127082813" Pressure="128"/>
        <Point X="422" Y="260" T="1302127082814" Pressure="128"/>
        <Point X="425" Y="260" T="1302127082815" Pressure="128"/>
        <Point X="427" Y="260" T="1302127082816" Pressure="128"/>
        <Point X="430" Y="260" T="1302127082817" Pressure="128"/>
        <Point X="431" Y="260" T="1302127082818" Pressure="128"/>
        <Point X="433" Y="260" T="1302127082819" Pressure="128"/>
        <Point X="434" Y="260" T="1302127082820" Pressure="128"/>
        <Point X="438" Y="260" T="1302127082821" Pressure="128"/>
        <Point X="439" Y="260" T="1302127082822" Pressure="128"/>
        <Point X="441" Y="260" T="1302127082823" Pressure="128"/>
        <Point X="443" Y="260" T="1302127082824" Pressure="128"/>
        <Point X="444" Y="260" T="1302127082825" Pressure="128"/>
        <Point X="447" Y="260" T="1302127082826" Pressure="128"/>
        <Point X="449" Y="260" T="1302127082827" Pressure="128"/>
        <Point X="451" Y="260" T="1302127082828" Pressure="128"/>
        <Point X="453" Y="260" T="1302127082829" Pressure="128"/>
        <Point X="455" Y="260" T="1302127082830" Pressure="128"/>
        <Point X="459" Y="261" T="1302127082831" Pressure="128"/>
        <Point X="462" Y="261" T="1302127082832" Pressure="128"/>
        <Point X="464" Y="261" T="1302127082833" Pressure="128"/>
        <Point X="465" Y="261" T="1302127082834" Pressure="128"/>
        <Point X="468" Y="261" T="1302127082835" Pressure="128"/>
        <Point X="469" Y="261" T="1302127082836" Pressure="128"/>
        <Point X="472" Y="261" T="1302127082837" Pressure="128"/>
        <Point X="477" Y="261" T="1302127082838" Pressure="128"/>
        <Point X="478" Y="261" T="1302127082839" Pressure="128"/>
        <Point X="481" Y="261" T="1302127082840" Pressure="128"/>
        <Point X="483" Y="261" T="1302127082841" Pressure="128"/>
        <Point X="485" Y="261" T="1302127082842" Pressure="128"/>
        <Point X="487" Y="261" T="1302127082843" Pressure="128"/>
        <Point X="490" Y="261" T="1302127082844" Pressure="128"/>
        <Point X="494" Y="261" T="1302127082845" Pressure="128"/>
        <Point X="497" Y="261" T="1302127082846" Pressure="128"/>
        <Point X="500" Y="261" T="1302127082847" Pressure="128"/>
        <Point X="502" Y="261" T="1302127082848" Pressure="128"/>
        <Point X="503" Y="261" T="1302127082849" Pressure="128"/>
        <Point X="504" Y="261" T="1302127082850" Pressure="128"/>
        <Point X="506" Y="261" T="1302127082851" Pressure="128"/>
        <Point X="507" Y="261" T="1302127082852" Pressure="128"/>
        <Point X="514" Y="261" T="1302127082853" Pressure="128"/>
        <Point X="517" Y="261" T="1302127082854" Pressure="128"/>
        <Point X="519" Y="261" T="1302127082855" Pressure="128"/>
        <Point X="520" Y="261" T="1302127082856" Pressure="128"/>
        <Point X="523" Y="261" T="1302127082857" Pressure="128"/>
        <Point X="524" Y="261" T="1302127082858" Pressure="128"/>
        <Point X="528" Y="261" T="1302127082859" Pressure="128"/>
        <Point X="530" Y="261" T="1302127082860" Pressure="128"/>
        <Point X="531" Y="261" T="1302127082861" Pressure="128"/>
        <Point X="533" Y="261" T="1302127082862" Pressure="128"/>
        <Point X="534" Y="261" T="1302127082863" Pressure="128"/>
        <Point X="537" Y="261" T="1302127082864" Pressure="128"/>
        <Point X="540" Y="261" T="1302127082865" Pressure="128"/>
        <Point X="544" Y="261" T="1302127082866" Pressure="128"/>
        <Point X="548" Y="261" T="1302127082867" Pressure="128"/>
        <Point X="552" Y="261" T="1302127082868" Pressure="128"/>
        <Point X="557" Y="261" T="1302127082869" Pressure="128"/>
        <Point X="560" Y="261" T="1302127082870" Pressure="128"/>
        <Point X="564" Y="261" T="1302127082871" Pressure="128"/>
        <Point X="568" Y="261" T="1302127082872" Pressure="128"/>
        <Point X="571" Y="261" T="1302127082873" Pressure="128"/>
        <Point X="574" Y="261" T="1302127082874" Pressure="128"/>
        <Point X="575" Y="261" T="1302127082875" Pressure="128"/>
        <Point X="577" Y="261" T="1302127082876" Pressure="128"/>
        <Point X="579" Y="261" T="1302127082877" Pressure="128"/>
        <Point X="581" Y="261" T="1302127082878" Pressure="128"/>
        <Point X="582" Y="261" T="1302127082879" Pressure="128"/>
        <Point X="585" Y="260" T="1302127082880" Pressure="128"/>
        <Point X="586" Y="260" T="1302127082881" Pressure="128"/>
        <Point X="588" Y="260" T="1302127082882" Pressure="128"/>
        <Point X="589" Y="260" T="1302127082883" Pressure="128"/>
        <Point X="593" Y="260" T="1302127082884" Pressure="128"/>
        <Point X="596" Y="260" T="1302127082885" Pressure="128"/>
        <Point X="599" Y="260" T="1302127082886" Pressure="128"/>
        <Point X="601" Y="260" T="1302127082887" Pressure="128"/>
        <Point X="603" Y="260" T="1302127082888" Pressure="128"/>
        <Point X="606" Y="260" T="1302127082889" Pressure="128"/>
        <Point X="607" Y="260" T="1302127082890" Pressure="128"/>
        <Point X="608" Y="260" T="1302127082891" Pressure="128"/>
        <Point X="612" Y="260" T="1302127082892" Pressure="128"/>
        <Point X="614" Y="260" T="1302127082893" Pressure="128"/>
        <Point X="616" Y="260" T="1302127082894" Pressure="128"/>
        <Point X="618" Y="260" T="1302127082895" Pressure="128"/>
        <Point X="621" Y="260" T="1302127082896" Pressure="128"/>
        <Point X="622" Y="260" T="1302127082897" Pressure="128"/>
        <Point X="624" Y="260" T="1302127082898" Pressure="128"/>
        <Point X="626" Y="260" T="1302127082899" Pressure="128"/>
        <Point X="628" Y="260" T="1302127082900" Pressure="128"/>
        <Point X="631" Y="259" T="1302127082901" Pressure="128"/>
        <Point X="633" Y="259" T="1302127082902" Pressure="128"/>
        <Point X="635" Y="259" T="1302127082903" Pressure="128"/>
        <Point X="636" Y="259" T="1302127082904" Pressure="128"/>
        <Point X="638" Y="259" T="1302127082905" Pressure="128"/>
        <Point X="639" Y="259" T="1302127082906" Pressure="128"/>
        <Point X="641" Y="259" T="1302127082907" Pressure="128"/>
        <Point X="642" Y="259" T="1302127082908" Pressure="128"/>
        <Point X="644" Y="259" T="1302127082909" Pressure="128"/>
        <Point X="645" Y="259" T="1302127082910" Pressure="128"/>
        <Point X="646" Y="259" T="1302127082911" Pressure="128"/>
        <Point X="647" Y="259" T="1302127082912" Pressure="128"/>
        <Point X="648" Y="259" T="1302127082913" Pressure="128"/>
        <Point X="648" Y="259" T="1302127082914" Pressure="128"/>
        <Point X="523" Y="212" T="1302127082915" Pressure="128"/>
        <Point X="524" Y="212" T="1302127082916" Pressure="128"/>
        <Point X="525" Y="212" T="1302127082917" Pressure="128"/>
        <Point X="526" Y="212" T="1302127082918" Pressure="128"/>
        <Point X="526" Y="213" T="1302127082919" Pressure="128"/>
        <Point X="527" Y="213" T="1302127082920" Pressure="128"/>
        <Point X="528" Y="213" T="1302127082921" Pressure="128"/>
        <Point X="529" Y="213" T="1302127082922" Pressure="128"/>
        <Point X="530" Y="214" T="1302127082923" Pressure="128"/>
        <Point X="531" Y="214" T="1302127082924" Pressure="128"/>
        <Point X="534" Y="215" T="1302127082925" Pressure="128"/>
        <Point X="535" Y="215" T="1302127082926" Pressure="128"/>
        <Point X="536" Y="216" T="1302127082927" Pressure="128"/>
        <Point X="537" Y="216" T="1302127082928" Pressure="128"/>
        <Point X="539" Y="217" T="1302127082929" Pressure="128"/>
        <Point X="540" Y="217" T="1302127082930" Pressure="128"/>
        <Point X="542" Y="218" T="1302127082931" Pressure="128"/>
        <Point X="544" Y="218" T="1302127082932" Pressure="128"/>
        <Point X="546" Y="219" T="1302127082933" Pressure="128"/>
        <Point X="547" Y="219" T="1302127082934" Pressure="128"/>
        <Point X="549" Y="220" T="1302127082935" Pressure="128"/>
        <Point X="551" Y="220" T="1302127082936" Pressure="128"/>
        <Point X="553" Y="221" T="1302127082937" Pressure="128"/>
        <Point X="555" Y="221" T="1302127082938" Pressure="128"/>
        <Point X="557" Y="222" T="1302127082939" Pressure="128"/>
        <Point X="558" Y="222" T="1302127082940" Pressure="128"/>
        <Point X="560" Y="223" T="1302127082941" Pressure="128"/>
        <Point X="563" Y="224" T="1302127082942" Pressure="128"/>
        <Point X="565" Y="224" T="1302127082943" Pressure="128"/>
        <Point X="566" Y="225" T="1302127082944" Pressure="128"/>
        <Point X="567" Y="225" T="1302127082945" Pressure="128"/>
        <Point X="570" Y="226" T="1302127082946" Pressure="128"/>
        <Point X="572" Y="226" T="1302127082947" Pressure="128"/>
        <Point X="573" Y="226" T="1302127082948" Pressure="128"/>
        <Point X="575" Y="227" T="1302127082949" Pressure="128"/>
        <Point X="578" Y="228" T="1302127082950" Pressure="128"/>
        <Point X="580" Y="228" T="1302127082951" Pressure="128"/>
        <Point X="582" Y="229" T="1302127082952" Pressure="128"/>
        <Point X="584" Y="229" T="1302127082953" Pressure="128"/>
        <Point X="586" Y="230" T="1302127082954" Pressure="128"/>
        <Point X="588" Y="230" T="1302127082955" Pressure="128"/>
        <Point X="589" Y="231" T="1302127082956" Pressure="128"/>
        <Point X="591" Y="232" T="1302127082957" Pressure="128"/>
        <Point X="593" Y="232" T="1302127082958" Pressure="128"/>
        <Point X="594" Y="232" T="1302127082959" Pressure="128"/>
        <Point X="596" Y="233" T="1302127082960" Pressure="128"/>
        <Point X="598" Y="233" T="1302127082961" Pressure="128"/>
        <Point X="601" Y="234" T="1302127082962" Pressure="128"/>
        <Point X="604" Y="235" T="1302127082963" Pressure="128"/>
        <Point X="606" Y="236" T="1302127082964" Pressure="128"/>
        <Point X="607" Y="236" T="1302127082965" Pressure="128"/>
        <Point X="610" Y="237" T="1302127082966" Pressure="128"/>
        <Point X="611" Y="238" T="1302127082967" Pressure="128"/>
        <Point X="614" Y="239" T="1302127082968" Pressure="128"/>
        <Point X="616" Y="239" T="1302127082969" Pressure="128"/>
        <Point X="617" Y="240" T="1302127082970" Pressure="128"/>
        <Point X="619" Y="241" T="1302127082971" Pressure="128"/>
        <Point X="622" Y="241" T="1302127082972" Pressure="128"/>
        <Point X="623" Y="242" T="1302127082973" Pressure="128"/>
        <Point X="625" Y="243" T="1302127082974" Pressure="128"/>
        <Point X="627" Y="243" T="1302127082975" Pressure="128"/>
        <Point X="629" Y="244" T="1302127082976" Pressure="128"/>
        <Point X="631" Y="245" T="1302127082977" Pressure="128"/>
        <Point X="634" Y="246" T="1302127082978" Pressure="128"/>
        <Point X="636" Y="247" T="1302127082979" Pressure="128"/>
        <Point X="638" Y="247" T="1302127082980" Pressure="128"/>
        <Point X="640" Y="248" T="1302127082981" Pressure="128"/>
        <Point X="642" Y="248" T="1302127082982" Pressure="128"/>
        <Point X="646" Y="249" T="1302127082983" Pressure="128"/>
        <Point X="648" Y="250" T="1302127082984" Pressure="128"/>
        <Point X="649" Y="250" T="1302127082985" Pressure="128"/>
        <Point X="651" Y="251" T="1302127082986" Pressure="128"/>
        <Point X="652" Y="251" T="1302127082987" Pressure="128"/>
        <Point X="653" Y="251" T="1302127082988" Pressure="128"/>
        <Point X="656" Y="252" T="1302127082989" Pressure="128"/>
        <Point X="657" Y="253" T="1302127082990" Pressure="128"/>
        <Point X="658" Y="253" T="1302127082991" Pressure="128"/>
        <Point X="659" Y="253" T="1302127082992" Pressure="128"/>
        <Point X="661" Y="253" T="1302127082993" Pressure="128"/>
        <Point X="662" Y="254" T="1302127082994" Pressure="128"/>
        <Point X="665" Y="254" T="1302127082995" Pressure="128"/>
        <Point X="667" Y="255" T="1302127082996" Pressure="128"/>
        <Point X="669" Y="255" T="1302127082997" Pressure="128"/>
        <Point X="670" Y="255" T="1302127082998" Pressure="128"/>
        <Point X="671" Y="256" T="1302127082999" Pressure="128"/>
        <Point X="672" Y="256" T="1302127083000" Pressure="128"/>
        <Point X="673" Y="256" T="1302127083001" Pressure="128"/>
        <Point X="674" Y="256" T="1302127083002" Pressure="128"/>
        <Point X="675" Y="257" T="1302127083003" Pressure="128"/>
        <Point X="676" Y="257" T="1302127083004" Pressure="128"/>
        <Point X="677" Y="257" T="1302127083005" Pressure="128"/>
        <Point X="677" Y="258" T="1302127083006" Pressure="128"/>
        <Point X="676" Y="258" T="1302127083007" Pressure="128"/>
        <Point X="675" Y="258" T="1302127083008" Pressure="128"/>
        <Point X="674" Y="258" T="1302127083009" Pressure="128"/>
        <Point X="673" Y="259" T="1302127083010" Pressure="128"/>
        <Point X="672" Y="259" T="1302127083011" Pressure="128"/>
        <Point X="672" Y="260" T="1302127083012" Pressure="128"/>
        <Point X="671" Y="260" T="1302127083013" Pressure="128"/>
        <Point X="669" Y="261" T="1302127083014" Pressure="128"/>
        <Point X="669" Y="262" T="1302127083015" Pressure="128"/>
        <Point X="667" Y="262" T="1302127083016" Pressure="128"/>
        <Point X="666" Y="263" T="1302127083017" Pressure="128"/>
        <Point X="665" Y="264" T="1302127083018" Pressure="128"/>
        <Point X="663" Y="265" T="1302127083019" Pressure="128"/>
        <Point X="660" Y="266" T="1302127083020" Pressure="128"/>
        <Point X="660" Y="267" T="1302127083021" Pressure="128"/>
        <Point X="658" Y="268" T="1302127083022" Pressure="128"/>
        <Point X="655" Y="269" T="1302127083023" Pressure="128"/>
        <Point X="653" Y="270" T="1302127083024" Pressure="128"/>
        <Point X="652" Y="271" T="1302127083025" Pressure="128"/>
        <Point X="651" Y="272" T="1302127083026" Pressure="128"/>
        <Point X="649" Y="273" T="1302127083027" Pressure="128"/>
        <Point X="647" Y="273" T="1302127083028" Pressure="128"/>
        <Point X="647" Y="274" T="1302127083029" Pressure="128"/>
        <Point X="644" Y="275" T="1302127083030" Pressure="128"/>
        <Point X="643" Y="276" T="1302127083031" Pressure="128"/>
        <Point X="642" Y="276" T="1302127083032" Pressure="128"/>
        <Point X="641" Y="276" T="1302127083033" Pressure="128"/>
        <Point X="638" Y="277" T="1302127083034" Pressure="128"/>
        <Point X="637" Y="278" T="1302127083035" Pressure="128"/>
        <Point X="636" Y="278" T="1302127083036" Pressure="128"/>
        <Point X="634" Y="279" T="1302127083037" Pressure="128"/>
        <Point X="632" Y="280" T="1302127083038" Pressure="128"/>
        <Point X="629" Y="281" T="1302127083039" Pressure="128"/>
        <Point X="627" Y="282" T="1302127083040" Pressure="128"/>
        <Point X="623" Y="283" T="1302127083041" Pressure="128"/>
        <Point X="622" Y="284" T="1302127083042" Pressure="128"/>
        <Point X="619" Y="285" T="1302127083043" Pressure="128"/>
        <Point X="616" Y="286" T="1302127083044" Pressure="128"/>
        <Point X="614" Y="287" T="1302127083045" Pressure="128"/>
        <Point X="611" Y="288" T="1302127083046" Pressure="128"/>
        <Point X="609" Y="289" T="1302127083047" Pressure="128"/>
        <Point X="605" Y="290" T="1302127083048" Pressure="128"/>
        <Point X="602" Y="291" T="1302127083049" Pressure="128"/>
        <Point X="600" Y="292" T="1302127083050" Pressure="128"/>
        <Point X="599" Y="292" T="1302127083051" Pressure="128"/>
        <Point X="596" Y="293" T="1302127083052" Pressure="128"/>
        <Point X="593" Y="294" T="1302127083053" Pressure="128"/>
        <Point X="590" Y="294" T="1302127083054" Pressure="128"/>
        <Point X="587" Y="295" T="1302127083055" Pressure="128"/>
        <Point X="583" Y="297" T="1302127083056" Pressure="128"/>
        <Point X="582" Y="297" T="1302127083057" Pressure="128"/>
        <Point X="579" Y="298" T="1302127083058" Pressure="128"/>
        <Point X="576" Y="299" T="1302127083059" Pressure="128"/>
        <Point X="574" Y="300" T="1302127083060" Pressure="128"/>
        <Point X="571" Y="301" T="1302127083061" Pressure="128"/>
        <Point X="567" Y="303" T="1302127083062" Pressure="128"/>
        <Point X="566" Y="303" T="1302127083063" Pressure="128"/>
        <Point X="563" Y="304" T="1302127083064" Pressure="128"/>
        <Point X="559" Y="306" T="1302127083065" Pressure="128"/>
        <Point X="556" Y="306" T="1302127083066" Pressure="128"/>
        <Point X="552" Y="308" T="1302127083067" Pressure="128"/>
        <Point X="548" Y="310" T="1302127083068" Pressure="128"/>
        <Point X="547" Y="310" T="1302127083069" Pressure="128"/>
        <Point X="544" Y="311" T="1302127083070" Pressure="128"/>
        <Point X="541" Y="312" T="1302127083071" Pressure="128"/>
        <Point X="537" Y="314" T="1302127083072" Pressure="128"/>
        <Point X="535" Y="314" T="1302127083073" Pressure="128"/>
        <Point X="533" Y="315" T="1302127083074" Pressure="128"/>
        <Point X="529" Y="317" T="1302127083075" Pressure="128"/>
        <Point X="525" Y="318" T="1302127083076" Pressure="128"/>
        <Point X="524" Y="319" T="1302127083077" Pressure="128"/>
        <Point X="523" Y="320" T="1302127083078" Pressure="128"/>
        <Point X="521" Y="321" T="1302127083079" Pressure="128"/>
        <Point X="520" Y="321" T="1302127083080" Pressure="128"/>
        <Point X="520" Y="322" T="1302127083081" Pressure="128"/>
        <Point X="519" Y="322" T="1302127083082" Pressure="128"/>
        <Point X="518" Y="322" T="1302127083083" Pressure="128"/>
        <Point X="518" Y="323" T="1302127083084" Pressure="128"/>
        <Point X="517" Y="323" T="1302127083085" Pressure="128"/>
        <Point X="517" Y="323" T="1302127083086" Pressure="128"/>
    </Stroke>
</Gesture>
