<?xml version="1.0" encoding="UTF-8"?>
<Gesture Name="arrowhead" Subject="2" NumPts="2" TimeOfDay="9:12:24 PM">
    <Stroke index="1">
        <Point X="287" Y="249" T="1302127082357" Pressure="128"/>
        <Point X="288" Y="249" T="1302127082358" Pressure="128"/>
        <Point X="289" Y="249" T="1302127082359" Pressure="128"/>
        <Point X="290" Y="249" T="1302127082360" Pressure="128"/>
        <Point X="291" Y="249" T="1302127082361" Pressure="128"/>
        <Point X="292" Y="249" T="1302127082362" Pressure="128"/>
        <Point X="293" Y="249" T="1302127082363" Pressure="128"/>
        <Point X="294" Y="249" T="1302127082364" Pressure="128"/>
        <Point X="295" Y="249" T="1302127082365" Pressure="128"/>
        <Point X="296" Y="249" T="1302127082366" Pressure="128"/>
        <Point X="297" Y="249" T="1302127082367" Pressure="128"/>
        <Point X="298" Y="249" T="1302127082368" Pressure="128"/>
        <Point X="299" Y="249" T="1302127082369" Pressure="128"/>
        <Point X="300" Y="249" T="1302127082370" Pressure="128"/>
        <Point X="301" Y="249" T="1302127082371" Pressure="128"/>
        <Point X="302" Y="249" T="1302127082372" Pressure="128"/>
        <Point X="303" Y="249" T="1302127082373" Pressure="128"/>
        <Point X="304" Y="249" T="1302127082374" Pressure="128"/>
        <Point X="305" Y="249" T="1302127082375" Pressure="128"/>
        <Point X="306" Y="249" T="1302127082376" Pressure="128"/>
        <Point X="307" Y="249" T="1302127082377" Pressure="128"/>
        <Point X="308" Y="249" T="1302127082378" Pressure="128"/>
        <Point X="309" Y="249" T="1302127082379" Pressure="128"/>
        <Point X="311" Y="249" T="1302127082380" Pressure="128"/>
        <Point X="313" Y="249" T="1302127082381" Pressure="128"/>
        <Point X="314" Y="249" T="1302127082382" Pressure="128"/>
        <Point X="315" Y="249" T="1302127082383" Pressure="128"/>
        <Point X="316" Y="249" T="1302127082384" Pressure="128"/>
        <Point X="317" Y="249" T="1302127082385" Pressure="128"/>
        <Point X="319" Y="249" T="1302127082386" Pressure="128"/>
        <Point X="320" Y="249" T="1302127082387" Pressure="128"/>
        <Point X="321" Y="249" T="1302127082388" Pressure="128"/>
        <Point X="322" Y="249" T="1302127082389" Pressure="128"/>
        <Point X="323" Y="249" T="1302127082390" Pressure="128"/>
        <Point X="324" Y="249" T="1302127082391" Pressure="128"/>
        <Point X="326" Y="249" T="1302127082392" Pressure="128"/>
        <Point X="328" Y="249" T="1302127082393" Pressure="128"/>
        <Point X="329" Y="249" T="1302127082394" Pressure="128"/>
        <Point X="330" Y="249" T="1302127082395" Pressure="128"/>
        <Point X="332" Y="249" T="1302127082396" Pressure="128"/>
        <Point X="333" Y="249" T="1302127082397" Pressure="128"/>
        <Point X="335" Y="248" T="1302127082398" Pressure="128"/>
        <Point X="336" Y="248" T="1302127082399" Pressure="128"/>
        <Point X="338" Y="248" T="1302127082400" Pressure="128"/>
        <Point X="340" Y="248" T="1302127082401" Pressure="128"/>
        <Point X="341" Y="248" T="1302127082402" Pressure="128"/>
        <Point X="343" Y="248" T="1302127082403" Pressure="128"/>
        <Point X="344" Y="248" T="1302127082404" Pressure="128"/>
        <Point X="346" Y="248" T="1302127082405" Pressure="128"/>
        <Point X="347" Y="248" T="1302127082406" Pressure="128"/>
        <Point X="349" Y="248" T="1302127082407" Pressure="128"/>
        <Point X="350" Y="248" T="1302127082408" Pressure="128"/>
        <Point X="351" Y="248" T="1302127082409" Pressure="128"/>
        <Point X="353" Y="248" T="1302127082410" Pressure="128"/>
        <Point X="355" Y="248" T="1302127082411" Pressure="128"/>
        <Point X="356" Y="248" T="1302127082412" Pressure="128"/>
        <Point X="358" Y="248" T="1302127082413" Pressure="128"/>
        <Point X="360" Y="248" T="1302127082414" Pressure="128"/>
        <Point X="361" Y="248" T="1302127082415" Pressure="128"/>
        <Point X="363" Y="248" T="1302127082416" Pressure="128"/>
        <Point X="365" Y="248" T="1302127082417" Pressure="128"/>
        <Point X="367" Y="248" T="1302127082418" Pressure="128"/>
        <Point X="369" Y="248" T="1302127082419" Pressure="128"/>
        <Point X="371" Y="248" T="1302127082420" Pressure="128"/>
        <Point X="373" Y="248" T="1302127082421" Pressure="128"/>
        <Point X="375" Y="248" T="1302127082422" Pressure="128"/>
        <Point X="377" Y="248" T="1302127082423" Pressure="128"/>
        <Point X="379" Y="248" T="1302127082424" Pressure="128"/>
        <Point X="381" Y="248" T="1302127082425" Pressure="128"/>
        <Point X="383" Y="248" T="1302127082426" Pressure="128"/>
        <Point X="385" Y="248" T="1302127082427" Pressure="128"/>
        <Point X="387" Y="248" T="1302127082428" Pressure="128"/>
        <Point X="389" Y="248" T="1302127082429" Pressure="128"/>
        <Point X="391" Y="248" T="1302127082430" Pressure="128"/>
        <Point X="393" Y="248" T="1302127082431" Pressure="128"/>
        <Point X="395" Y="248" T="1302127082432" Pressure="128"/>
        <Point X="397" Y="248" T="1302127082433" Pressure="128"/>
        <Point X="401" Y="248" T="1302127082434" Pressure="128"/>
        <Point X="402" Y="248" T="1302127082435" Pressure="128"/>
        <Point X="403" Y="248" T="1302127082436" Pressure="128"/>
        <Point X="405" Y="248" T="1302127082437" Pressure="128"/>
        <Point X="407" Y="248" T="1302127082438" Pressure="128"/>
        <Point X="409" Y="248" T="1302127082439" Pressure="128"/>
        <Point X="411" Y="248" T="1302127082440" Pressure="128"/>
        <Point X="413" Y="248" T="1302127082441" Pressure="128"/>
        <Point X="415" Y="248" T="1302127082442" Pressure="128"/>
        <Point X="417" Y="248" T="1302127082443" Pressure="128"/>
        <Point X="418" Y="248" T="1302127082444" Pressure="128"/>
        <Point X="420" Y="248" T="1302127082445" Pressure="128"/>
        <Point X="421" Y="248" T="1302127082446" Pressure="128"/>
        <Point X="423" Y="248" T="1302127082447" Pressure="128"/>
        <Point X="424" Y="248" T="1302127082448" Pressure="128"/>
        <Point X="427" Y="248" T="1302127082449" Pressure="128"/>
        <Point X="428" Y="248" T="1302127082450" Pressure="128"/>
        <Point X="431" Y="248" T="1302127082451" Pressure="128"/>
        <Point X="432" Y="247" T="1302127082452" Pressure="128"/>
        <Point X="434" Y="247" T="1302127082453" Pressure="128"/>
        <Point X="435" Y="247" T="1302127082454" Pressure="128"/>
        <Point X="436" Y="247" T="1302127082455" Pressure="128"/>
        <Point X="438" Y="247" T="1302127082456" Pressure="128"/>
        <Point X="442" Y="247" T="1302127082457" Pressure="128"/>
        <Point X="443" Y="247" T="1302127082458" Pressure="128"/>
        <Point X="445" Y="247" T="1302127082459" Pressure="128"/>
        <Point X="447" Y="247" T="1302127082460" Pressure="128"/>
        <Point X="449" Y="247" T="1302127082461" Pressure="128"/>
        <Point X="451" Y="247" T="1302127082462" Pressure="128"/>
        <Point X="452" Y="247" T="1302127082463" Pressure="128"/>
        <Point X="455" Y="247" T="1302127082464" Pressure="128"/>
        <Point X="456" Y="247" T="1302127082465" Pressure="128"/>
        <Point X="457" Y="247" T="1302127082466" Pressure="128"/>
        <Point X="459" Y="247" T="1302127082467" Pressure="128"/>
        <Point X="460" Y="247" T="1302127082468" Pressure="128"/>
        <Point X="463" Y="246" T="1302127082469" Pressure="128"/>
        <Point X="465" Y="246" T="1302127082470" Pressure="128"/>
        <Point X="467" Y="246" T="1302127082471" Pressure="128"/>
        <Point X="469" Y="246" T="1302127082472" Pressure="128"/>
        <Point X="470" Y="246" T="1302127082473" Pressure="128"/>
        <Point X="471" Y="246" T="1302127082474" Pressure="128"/>
        <Point X="473" Y="246" T="1302127082475" Pressure="128"/>
        <Point X="474" Y="246" T="1302127082476" Pressure="128"/>
        <Point X="476" Y="246" T="1302127082477" Pressure="128"/>
        <Point X="478" Y="246" T="1302127082478" Pressure="128"/>
        <Point X="479" Y="246" T="1302127082479" Pressure="128"/>
        <Point X="480" Y="246" T="1302127082480" Pressure="128"/>
        <Point X="481" Y="246" T="1302127082481" Pressure="128"/>
        <Point X="483" Y="246" T="1302127082482" Pressure="128"/>
        <Point X="484" Y="246" T="1302127082483" Pressure="128"/>
        <Point X="487" Y="246" T="1302127082484" Pressure="128"/>
        <Point X="489" Y="246" T="1302127082485" Pressure="128"/>
        <Point X="490" Y="246" T="1302127082486" Pressure="128"/>
        <Point X="491" Y="246" T="1302127082487" Pressure="128"/>
        <Point X="492" Y="246" T="1302127082488" Pressure="128"/>
        <Point X="493" Y="246" T="1302127082489" Pressure="128"/>
        <Point X="494" Y="246" T="1302127082490" Pressure="128"/>
        <Point X="496" Y="246" T="1302127082491" Pressure="128"/>
        <Point X="497" Y="246" T="1302127082492" Pressure="128"/>
        <Point X="499" Y="246" T="1302127082493" Pressure="128"/>
        <Point X="500" Y="245" T="1302127082494" Pressure="128"/>
        <Point X="501" Y="245" T="1302127082495" Pressure="128"/>
        <Point X="502" Y="245" T="1302127082496" Pressure="128"/>
        <Point X="504" Y="245" T="1302127082497" Pressure="128"/>
        <Point X="505" Y="245" T="1302127082498" Pressure="128"/>
        <Point X="506" Y="245" T="1302127082499" Pressure="128"/>
        <Point X="507" Y="245" T="1302127082500" Pressure="128"/>
        <Point X="508" Y="245" T="1302127082501" Pressure="128"/>
        <Point X="509" Y="245" T="1302127082502" Pressure="128"/>
        <Point X="510" Y="245" T="1302127082503" Pressure="128"/>
        <Point X="511" Y="245" T="1302127082504" Pressure="128"/>
        <Point X="512" Y="245" T="1302127082505" Pressure="128"/>
        <Point X="513" Y="245" T="1302127082506" Pressure="128"/>
        <Point X="514" Y="245" T="1302127082507" Pressure="128"/>
        <Point X="514" Y="244" T="1302127082508" Pressure="128"/>
        <Point X="515" Y="244" T="1302127082509" Pressure="128"/>
        <Point X="516" Y="244" T="1302127082510" Pressure="128"/>
        <Point X="517" Y="244" T="1302127082511" Pressure="128"/>
        <Point X="518" Y="244" T="1302127082512" Pressure="128"/>
        <Point X="519" Y="244" T="1302127082513" Pressure="128"/>
        <Point X="520" Y="244" T="1302127082514" Pressure="128"/>
        <Point X="521" Y="244" T="1302127082515" Pressure="128"/>
        <Point X="522" Y="244" T="1302127082516" Pressure="128"/>
        <Point X="523" Y="244" T="1302127082517" Pressure="128"/>
        <Point X="524" Y="244" T="1302127082518" Pressure="128"/>
        <Point X="525" Y="244" T="1302127082519" Pressure="128"/>
        <Point X="525" Y="245" T="1302127082520" Pressure="128"/>
        <Point X="526" Y="245" T="1302127082521" Pressure="128"/>
        <Point X="527" Y="245" T="1302127082522" Pressure="128"/>
        <Point X="528" Y="245" T="1302127082523" Pressure="128"/>
        <Point X="529" Y="245" T="1302127082524" Pressure="128"/>
        <Point X="530" Y="245" T="1302127082525" Pressure="128"/>
        <Point X="531" Y="245" T="1302127082526" Pressure="128"/>
        <Point X="532" Y="245" T="1302127082527" Pressure="128"/>
        <Point X="533" Y="245" T="1302127082528" Pressure="128"/>
        <Point X="533" Y="245" T="1302127082529" Pressure="128"/>
        <Point X="485" Y="212" T="1302127082530" Pressure="128"/>
        <Point X="486" Y="212" T="1302127082531" Pressure="128"/>
        <Point X="487" Y="212" T="1302127082532" Pressure="128"/>
        <Point X="488" Y="213" T="1302127082533" Pressure="128"/>
        <Point X="489" Y="213" T="1302127082534" Pressure="128"/>
        <Point X="490" Y="214" T="1302127082535" Pressure="128"/>
        <Point X="491" Y="214" T="1302127082536" Pressure="128"/>
        <Point X="491" Y="215" T="1302127082537" Pressure="128"/>
        <Point X="492" Y="215" T="1302127082538" Pressure="128"/>
        <Point X="493" Y="216" T="1302127082539" Pressure="128"/>
        <Point X="494" Y="216" T="1302127082540" Pressure="128"/>
        <Point X="495" Y="217" T="1302127082541" Pressure="128"/>
        <Point X="496" Y="217" T="1302127082542" Pressure="128"/>
        <Point X="496" Y="218" T="1302127082543" Pressure="128"/>
        <Point X="497" Y="218" T="1302127082544" Pressure="128"/>
        <Point X="498" Y="218" T="1302127082545" Pressure="128"/>
        <Point X="499" Y="219" T="1302127082546" Pressure="128"/>
        <Point X="500" Y="219" T="1302127082547" Pressure="128"/>
        <Point X="500" Y="220" T="1302127082548" Pressure="128"/>
        <Point X="502" Y="221" T="1302127082549" Pressure="128"/>
        <Point X="504" Y="222" T="1302127082550" Pressure="128"/>
        <Point X="505" Y="223" T="1302127082551" Pressure="128"/>
        <Point X="507" Y="224" T="1302127082552" Pressure="128"/>
        <Point X="510" Y="225" T="1302127082553" Pressure="128"/>
        <Point X="511" Y="226" T="1302127082554" Pressure="128"/>
        <Point X="512" Y="226" T="1302127082555" Pressure="128"/>
        <Point X="513" Y="227" T="1302127082556" Pressure="128"/>
        <Point X="517" Y="229" T="1302127082557" Pressure="128"/>
        <Point X="518" Y="230" T="1302127082558" Pressure="128"/>
        <Point X="521" Y="231" T="1302127082559" Pressure="128"/>
        <Point X="522" Y="232" T="1302127082560" Pressure="128"/>
        <Point X="524" Y="233" T="1302127082561" Pressure="128"/>
        <Point X="526" Y="234" T="1302127082562" Pressure="128"/>
        <Point X="527" Y="234" T="1302127082563" Pressure="128"/>
        <Point X="529" Y="235" T="1302127082564" Pressure="128"/>
        <Point X="531" Y="236" T="1302127082565" Pressure="128"/>
        <Point X="532" Y="237" T="1302127082566" Pressure="128"/>
        <Point X="534" Y="237" T="1302127082567" Pressure="128"/>
        <Point X="535" Y="238" T="1302127082568" Pressure="128"/>
        <Point X="538" Y="239" T="1302127082569" Pressure="128"/>
        <Point X="540" Y="240" T="1302127082570" Pressure="128"/>
        <Point X="541" Y="241" T="1302127082571" Pressure="128"/>
        <Point X="542" Y="241" T="1302127082572" Pressure="128"/>
        <Point X="543" Y="242" T="1302127082573" Pressure="128"/>
        <Point X="545" Y="243" T="1302127082574" Pressure="128"/>
        <Point X="546" Y="243" T="1302127082575" Pressure="128"/>
        <Point X="548" Y="244" T="1302127082576" Pressure="128"/>
        <Point X="549" Y="244" T="1302127082577" Pressure="128"/>
        <Point X="550" Y="245" T="1302127082578" Pressure="128"/>
        <Point X="551" Y="245" T="1302127082579" Pressure="128"/>
        <Point X="552" Y="246" T="1302127082580" Pressure="128"/>
        <Point X="554" Y="246" T="1302127082581" Pressure="128"/>
        <Point X="555" Y="247" T="1302127082582" Pressure="128"/>
        <Point X="556" Y="247" T="1302127082583" Pressure="128"/>
        <Point X="557" Y="247" T="1302127082584" Pressure="128"/>
        <Point X="558" Y="248" T="1302127082585" Pressure="128"/>
        <Point X="559" Y="248" T="1302127082586" Pressure="128"/>
        <Point X="560" Y="248" T="1302127082587" Pressure="128"/>
        <Point X="561" Y="249" T="1302127082588" Pressure="128"/>
        <Point X="562" Y="249" T="1302127082589" Pressure="128"/>
        <Point X="563" Y="249" T="1302127082590" Pressure="128"/>
        <Point X="564" Y="250" T="1302127082591" Pressure="128"/>
        <Point X="565" Y="250" T="1302127082592" Pressure="128"/>
        <Point X="566" Y="250" T="1302127082593" Pressure="128"/>
        <Point X="567" Y="251" T="1302127082594" Pressure="128"/>
        <Point X="568" Y="251" T="1302127082595" Pressure="128"/>
        <Point X="569" Y="252" T="1302127082596" Pressure="128"/>
        <Point X="570" Y="252" T="1302127082597" Pressure="128"/>
        <Point X="570" Y="253" T="1302127082598" Pressure="128"/>
        <Point X="571" Y="253" T="1302127082599" Pressure="128"/>
        <Point X="571" Y="254" T="1302127082600" Pressure="128"/>
        <Point X="570" Y="254" T="1302127082601" Pressure="128"/>
        <Point X="569" Y="255" T="1302127082602" Pressure="128"/>
        <Point X="568" Y="255" T="1302127082603" Pressure="128"/>
        <Point X="567" Y="256" T="1302127082604" Pressure="128"/>
        <Point X="566" Y="256" T="1302127082605" Pressure="128"/>
        <Point X="565" Y="257" T="1302127082606" Pressure="128"/>
        <Point X="564" Y="257" T="1302127082607" Pressure="128"/>
        <Point X="563" Y="257" T="1302127082608" Pressure="128"/>
        <Point X="562" Y="258" T="1302127082609" Pressure="128"/>
        <Point X="560" Y="259" T="1302127082610" Pressure="128"/>
        <Point X="558" Y="260" T="1302127082611" Pressure="128"/>
        <Point X="556" Y="261" T="1302127082612" Pressure="128"/>
        <Point X="553" Y="262" T="1302127082613" Pressure="128"/>
        <Point X="551" Y="263" T="1302127082614" Pressure="128"/>
        <Point X="548" Y="265" T="1302127082615" Pressure="128"/>
        <Point X="545" Y="267" T="1302127082616" Pressure="128"/>
        <Point X="544" Y="268" T="1302127082617" Pressure="128"/>
        <Point X="543" Y="268" T="1302127082618" Pressure="128"/>
        <Point X="541" Y="269" T="1302127082619" Pressure="128"/>
        <Point X="540" Y="270" T="1302127082620" Pressure="128"/>
        <Point X="538" Y="271" T="1302127082621" Pressure="128"/>
        <Point X="536" Y="273" T="1302127082622" Pressure="128"/>
        <Point X="535" Y="273" T="1302127082623" Pressure="128"/>
        <Point X="533" Y="275" T="1302127082624" Pressure="128"/>
        <Point X="531" Y="276" T="1302127082625" Pressure="128"/>
        <Point X="530" Y="277" T="1302127082626" Pressure="128"/>
        <Point X="529" Y="278" T="1302127082627" Pressure="128"/>
        <Point X="529" Y="279" T="1302127082628" Pressure="128"/>
        <Point X="528" Y="280" T="1302127082629" Pressure="128"/>
        <Point X="527" Y="280" T="1302127082630" Pressure="128"/>
        <Point X="527" Y="281" T="1302127082631" Pressure="128"/>
        <Point X="526" Y="282" T="1302127082632" Pressure="128"/>
        <Point X="525" Y="282" T="1302127082633" Pressure="128"/>
        <Point X="524" Y="283" T="1302127082634" Pressure="128"/>
        <Point X="524" Y="284" T="1302127082635" Pressure="128"/>
        <Point X="523" Y="284" T="1302127082636" Pressure="128"/>
        <Point X="522" Y="285" T="1302127082637" Pressure="128"/>
        <Point X="522" Y="286" T="1302127082638" Pressure="128"/>
        <Point X="521" Y="286" T="1302127082639" Pressure="128"/>
        <Point X="521" Y="287" T="1302127082640" Pressure="128"/>
        <Point X="520" Y="287" T="1302127082641" Pressure="128"/>
        <Point X="520" Y="288" T="1302127082642" Pressure="128"/>
        <Point X="519" Y="288" T="1302127082643" Pressure="128"/>
        <Point X="519" Y="289" T="1302127082644" Pressure="128"/>
        <Point X="518" Y="290" T="1302127082645" Pressure="128"/>
        <Point X="518" Y="291" T="1302127082646" Pressure="128"/>
        <Point X="518" Y="290" T="1302127082647" Pressure="128"/>
        <Point X="518" Y="290" T="1302127082648" Pressure="128"/>
    </Stroke>
    <Stroke index="2">
        <Point X="287" Y="249" T="1302127082649" Pressure="128"/>
        <Point X="288" Y="249" T="1302127082650" Pressure="128"/>
        <Point X="289" Y="249" T="1302127082651" Pressure="128"/>
        <Point X="290" Y="249" T="1302127082652" Pressure="128"/>
        <Point X="291" Y="249" T="1302127082653" Pressure="128"/>
        <Point X="292" Y="249" T="1302127082654" Pressure="128"/>
        <Point X="293" Y="249" T="1302127082655" Pressure="128"/>
        <Point X="294" Y="249" T="1302127082656" Pressure="128"/>
        <Point X="295" Y="249" T="1302127082657" Pressure="128"/>
        <Point X="296" Y="249" T="1302127082658" Pressure="128"/>
        <Point X="297" Y="249" T="1302127082659" Pressure="128"/>
        <Point X="298" Y="249" T="1302127082660" Pressure="128"/>
        <Point X="299" Y="249" T="1302127082661" Pressure="128"/>
        <Point X="300" Y="249" T="1302127082662" Pressure="128"/>
        <Point X="301" Y="249" T="1302127082663" Pressure="128"/>
        <Point X="302" Y="249" T="1302127082664" Pressure="128"/>
        <Point X="303" Y="249" T="1302127082665" Pressure="128"/>
        <Point X="304" Y="249" T="1302127082666" Pressure="128"/>
        <Point X="305" Y="249" T="1302127082667" Pressure="128"/>
        <Point X="306" Y="249" T="1302127082668" Pressure="128"/>
        <Point X="307" Y="249" T="1302127082669" Pressure="128"/>
        <Point X="308" Y="249" T="1302127082670" Pressure="128"/>
        <Point X="309" Y="249" T="1302127082671" Pressure="128"/>
        <Point X="311" Y="249" T="1302127082672" Pressure="128"/>
        <Point X="313" Y="249" T="1302127082673" Pressure="128"/>
        <Point X="314" Y="249" T="1302127082674" Pressure="128"/>
        <Point X="315" Y="249" T="1302127082675" Pressure="128"/>
        <Point X="316" Y="249" T="1302127082676" Pressure="128"/>
        <Point X="317" Y="249" T="1302127082677" Pressure="128"/>
        <Point X="319" Y="249" T="1302127082678" Pressure="128"/>
        <Point X="320" Y="249" T="1302127082679" Pressure="128"/>
        <Point X="321" Y="249" T="1302127082680" Pressure="128"/>
        <Point X="322" Y="249" T="1302127082681" Pressure="128"/>
        <Point X="323" Y="249" T="1302127082682" Pressure="128"/>
        <Point X="324" Y="249" T="1302127082683" Pressure="128"/>
        <Point X="326" Y="249" T="1302127082684" Pressure="128"/>
        <Point X="328" Y="249" T="1302127082685" Pressure="128"/>
        <Point X="329" Y="249" T="1302127082686" Pressure="128"/>
        <Point X="330" Y="249" T="1302127082687" Pressure="128"/>
        <Point X="332" Y="249" T="1302127082688" Pressure="128"/>
        <Point X="333" Y="249" T="1302127082689" Pressure="128"/>
        <Point X="335" Y="248" T="1302127082690" Pressure="128"/>
        <Point X="336" Y="248" T="1302127082691" Pressure="128"/>
        <Point X="338" Y="248" T="1302127082692" Pressure="128"/>
        <Point X="340" Y="248" T="1302127082693" Pressure="128"/>
        <Point X="341" Y="248" T="1302127082694" Pressure="128"/>
        <Point X="343" Y="248" T="1302127082695" Pressure="128"/>
        <Point X="344" Y="248" T="1302127082696" Pressure="128"/>
        <Point X="346" Y="248" T="1302127082697" Pressure="128"/>
        <Point X="347" Y="248" T="1302127082698" Pressure="128"/>
        <Point X="349" Y="248" T="1302127082699" Pressure="128"/>
        <Point X="350" Y="248" T="1302127082700" Pressure="128"/>
        <Point X="351" Y="248" T="1302127082701" Pressure="128"/>
        <Point X="353" Y="248" T="1302127082702" Pressure="128"/>
        <Point X="355" Y="248" T="1302127082703" Pressure="128"/>
        <Point X="356" Y="248" T="1302127082704" Pressure="128"/>
        <Point X="358" Y="248" T="1302127082705" Pressure="128"/>
        <Point X="360" Y="248" T="1302127082706" Pressure="128"/>
        <Point X="361" Y="248" T="1302127082707" Pressure="128"/>
        <Point X="363" Y="248" T="1302127082708" Pressure="128"/>
        <Point X="365" Y="248" T="1302127082709" Pressure="128"/>
        <Point X="367" Y="248" T="1302127082710" Pressure="128"/>
        <Point X="369" Y="248" T="1302127082711" Pressure="128"/>
        <Point X="371" Y="248" T="1302127082712" Pressure="128"/>
        <Point X="373" Y="248" T="1302127082713" Pressure="128"/>
        <Point X="375" Y="248" T="1302127082714" Pressure="128"/>
        <Point X="377" Y="248" T="1302127082715" Pressure="128"/>
        <Point X="379" Y="248" T="1302127082716" Pressure="128"/>
        <Point X="381" Y="248" T="1302127082717" Pressure="128"/>
        <Point X="383" Y="248" T="1302127082718" Pressure="128"/>
        <Point X="385" Y="248" T="1302127082719" Pressure="128"/>
        <Point X="387" Y="248" T="1302127082720" Pressure="128"/>
        <Point X="389" Y="248" T="1302127082721" Pressure="128"/>
        <Point X="391" Y="248" T="1302127082722" Pressure="128"/>
        <Point X="393" Y="248" T="1302127082723" Pressure="128"/>
        <Point X="395" Y="248" T="1302127082724" Pressure="128"/>
        <Point X="397" Y="248" T="1302127082725" Pressure="128"/>
        <Point X="401" Y="248" T="1302127082726" Pressure="128"/>
        <Point X="402" Y="248" T="1302127082727" Pressure="128"/>
        <Point X="403" Y="248" T="1302127082728" Pressure="128"/>
        <Point X="405" Y="248" T="1302127082729" Pressure="128"/>
        <Point X="407" Y="248" T="1302127082730" Pressure="128"/>
        <Point X="409" Y="248" T="1302127082731" Pressure="128"/>
        <Point X="411" Y="248" T="1302127082732" Pressure="128"/>
        <Point X="413" Y="248" T="1302127082733" Pressure="128"/>
        <Point X="415" Y="248" T="1302127082734" Pressure="128"/>
        <Point X="417" Y="248" T="1302127082735" Pressure="128"/>
        <Point X="418" Y="248" T="1302127082736" Pressure="128"/>
        <Point X="420" Y="248" T="1302127082737" Pressure="128"/>
        <Point X="421" Y="248" T="1302127082738" Pressure="128"/>
        <Point X="423" Y="248" T="1302127082739" Pressure="128"/>
        <Point X="424" Y="248" T="1302127082740" Pressure="128"/>
        <Point X="427" Y="248" T="1302127082741" Pressure="128"/>
        <Point X="428" Y="248" T="1302127082742" Pressure="128"/>
        <Point X="431" Y="248" T="1302127082743" Pressure="128"/>
        <Point X="432" Y="247" T="1302127082744" Pressure="128"/>
        <Point X="434" Y="247" T="1302127082745" Pressure="128"/>
        <Point X="435" Y="247" T="1302127082746" Pressure="128"/>
        <Point X="436" Y="247" T="1302127082747" Pressure="128"/>
        <Point X="438" Y="247" T="1302127082748" Pressure="128"/>
        <Point X="442" Y="247" T="1302127082749" Pressure="128"/>
        <Point X="443" Y="247" T="1302127082750" Pressure="128"/>
        <Point X="445" Y="247" T="1302127082751" Pressure="128"/>
        <Point X="447" Y="247" T="1302127082752" Pressure="128"/>
        <Point X="449" Y="247" T="1302127082753" Pressure="128"/>
        <Point X="451" Y="247" T="1302127082754" Pressure="128"/>
        <Point X="452" Y="247" T="1302127082755" Pressure="128"/>
        <Point X="455" Y="247" T="1302127082756" Pressure="128"/>
        <Point X="456" Y="247" T="1302127082757" Pressure="128"/>
        <Point X="457" Y="247" T="1302127082758" Pressure="128"/>
        <Point X="459" Y="247" T="1302127082759" Pressure="128"/>
        <Point X="460" Y="247" T="1302127082760" Pressure="128"/>
        <Point X="463" Y="246" T="1302127082761" Pressure="128"/>
        <Point X="465" Y="246" T="1302127082762" Pressure="128"/>
        <Point X="467" Y="246" T="1302127082763" Pressure="128"/>
        <Point X="469" Y="246" T="1302127082764" Pressure="128"/>
        <Point X="470" Y="246" T="1302127082765" Pressure="128"/>
        <Point X="471" Y="246" T="1302127082766" Pressure="128"/>
        <Point X="473" Y="246" T="1302127082767" Pressure="128"/>
        <Point X="474" Y="246" T="1302127082768" Pressure="128"/>
        <Point X="476" Y="246" T="1302127082769" Pressure="128"/>
        <Point X="478" Y="246" T="1302127082770" Pressure="128"/>
        <Point X="479" Y="246" T="1302127082771" Pressure="128"/>
        <Point X="480" Y="246" T="1302127082772" Pressure="128"/>
        <Point X="481" Y="246" T="1302127082773" Pressure="128"/>
        <Point X="483" Y="246" T="1302127082774" Pressure="128"/>
        <Point X="484" Y="246" T="1302127082775" Pressure="128"/>
        <Point X="487" Y="246" T="1302127082776" Pressure="128"/>
        <Point X="489" Y="246" T="1302127082777" Pressure="128"/>
        <Point X="490" Y="246" T="1302127082778" Pressure="128"/>
        <Point X="491" Y="246" T="1302127082779" Pressure="128"/>
        <Point X="492" Y="246" T="1302127082780" Pressure="128"/>
        <Point X="493" Y="246" T="1302127082781" Pressure="128"/>
        <Point X="494" Y="246" T="1302127082782" Pressure="128"/>
        <Point X="496" Y="246" T="1302127082783" Pressure="128"/>
        <Point X="497" Y="246" T="1302127082784" Pressure="128"/>
        <Point X="499" Y="246" T="1302127082785" Pressure="128"/>
        <Point X="500" Y="245" T="1302127082786" Pressure="128"/>
        <Point X="501" Y="245" T="1302127082787" Pressure="128"/>
        <Point X="502" Y="245" T="1302127082788" Pressure="128"/>
        <Point X="504" Y="245" T="1302127082789" Pressure="128"/>
        <Point X="505" Y="245" T="1302127082790" Pressure="128"/>
        <Point X="506" Y="245" T="1302127082791" Pressure="128"/>
        <Point X="507" Y="245" T="1302127082792" Pressure="128"/>
        <Point X="508" Y="245" T="1302127082793" Pressure="128"/>
        <Point X="509" Y="245" T="1302127082794" Pressure="128"/>
        <Point X="510" Y="245" T="1302127082795" Pressure="128"/>
        <Point X="511" Y="245" T="1302127082796" Pressure="128"/>
        <Point X="512" Y="245" T="1302127082797" Pressure="128"/>
        <Point X="513" Y="245" T="1302127082798" Pressure="128"/>
        <Point X="514" Y="245" T="1302127082799" Pressure="128"/>
        <Point X="514" Y="244" T="1302127082800" Pressure="128"/>
        <Point X="515" Y="244" T="1302127082801" Pressure="128"/>
        <Point X="516" Y="244" T="1302127082802" Pressure="128"/>
        <Point X="517" Y="244" T="1302127082803" Pressure="128"/>
        <Point X="518" Y="244" T="1302127082804" Pressure="128"/>
        <Point X="519" Y="244" T="1302127082805" Pressure="128"/>
        <Point X="520" Y="244" T="1302127082806" Pressure="128"/>
        <Point X="521" Y="244" T="1302127082807" Pressure="128"/>
        <Point X="522" Y="244" T="1302127082808" Pressure="128"/>
        <Point X="523" Y="244" T="1302127082809" Pressure="128"/>
        <Point X="524" Y="244" T="1302127082810" Pressure="128"/>
        <Point X="525" Y="244" T="1302127082811" Pressure="128"/>
        <Point X="525" Y="245" T="1302127082812" Pressure="128"/>
        <Point X="526" Y="245" T="1302127082813" Pressure="128"/>
        <Point X="527" Y="245" T="1302127082814" Pressure="128"/>
        <Point X="528" Y="245" T="1302127082815" Pressure="128"/>
        <Point X="529" Y="245" T="1302127082816" Pressure="128"/>
        <Point X="530" Y="245" T="1302127082817" Pressure="128"/>
        <Point X="531" Y="245" T="1302127082818" Pressure="128"/>
        <Point X="532" Y="245" T="1302127082819" Pressure="128"/>
        <Point X="533" Y="245" T="1302127082820" Pressure="128"/>
        <Point X="533" Y="245" T="1302127082821" Pressure="128"/>
        <Point X="485" Y="212" T="1302127082822" Pressure="128"/>
        <Point X="486" Y="212" T="1302127082823" Pressure="128"/>
        <Point X="487" Y="212" T="1302127082824" Pressure="128"/>
        <Point X="488" Y="213" T="1302127082825" Pressure="128"/>
        <Point X="489" Y="213" T="1302127082826" Pressure="128"/>
        <Point X="490" Y="214" T="1302127082827" Pressure="128"/>
        <Point X="491" Y="214" T="1302127082828" Pressure="128"/>
        <Point X="491" Y="215" T="1302127082829" Pressure="128"/>
        <Point X="492" Y="215" T="1302127082830" Pressure="128"/>
        <Point X="493" Y="216" T="1302127082831" Pressure="128"/>
        <Point X="494" Y="216" T="1302127082832" Pressure="128"/>
        <Point X="495" Y="217" T="1302127082833" Pressure="128"/>
        <Point X="496" Y="217" T="1302127082834" Pressure="128"/>
        <Point X="496" Y="218" T="1302127082835" Pressure="128"/>
        <Point X="497" Y="218" T="1302127082836" Pressure="128"/>
        <Point X="498" Y="218" T="1302127082837" Pressure="128"/>
        <Point X="499" Y="219" T="1302127082838" Pressure="128"/>
        <Point X="500" Y="219" T="1302127082839" Pressure="128"/>
        <Point X="500" Y="220" T="1302127082840" Pressure="128"/>
        <Point X="502" Y="221" T="1302127082841" Pressure="128"/>
        <Point X="504" Y="222" T="1302127082842" Pressure="128"/>
        <Point X="505" Y="223" T="1302127082843" Pressure="128"/>
        <Point X="507" Y="224" T="1302127082844" Pressure="128"/>
        <Point X="510" Y="225" T="1302127082845" Pressure="128"/>
        <Point X="511" Y="226" T="1302127082846" Pressure="128"/>
        <Point X="512" Y="226" T="1302127082847" Pressure="128"/>
        <Point X="513" Y="227" T="1302127082848" Pressure="128"/>
        <Point X="517" Y="229" T="1302127082849" Pressure="128"/>
        <Point X="518" Y="230" T="1302127082850" Pressure="128"/>
        <Point X="521" Y="231" T="1302127082851" Pressure="128"/>
        <Point X="522" Y="232" T="1302127082852" Pressure="128"/>
        <Point X="524" Y="233" T="1302127082853" Pressure="128"/>
        <Point X="526" Y="234" T="1302127082854" Pressure="128"/>
        <Point X="527" Y="234" T="1302127082855" Pressure="128"/>
        <Point X="529" Y="235" T="1302127082856" Pressure="128"/>
        <Point X="531" Y="236" T="1302127082857" Pressure="128"/>
        <Point X="532" Y="237" T="1302127082858" Pressure="128"/>
        <Point X="534" Y="237" T="1302127082859" Pressure="128"/>
        <Point X="535" Y="238" T="1302127082860" Pressure="128"/>
        <Point X="538" Y="239" T="1302127082861" Pressure="128"/>
        <Point X="540" Y="240" T="1302127082862" Pressure="128"/>
        <Point X="541" Y="241" T="1302127082863" Pressure="128"/>
        <Point X="542" Y="241" T="1302127082864" Pressure="128"/>
        <Point X="543" Y="242" T="1302127082865" Pressure="128"/>
        <Point X="545" Y="243" T="1302127082866" Pressure="128"/>
        <Point X="546" Y="243" T="1302127082867" Pressure="128"/>
        <Point X="548" Y="244" T="1302127082868" Pressure="128"/>
        <Point X="549" Y="244" T="1302127082869" Pressure="128"/>
        <Point X="550" Y="245" T="1302127082870" Pressure="128"/>
        <Point X="551" Y="245" T="1302127082871" Pressure="128"/>
        <Point X="552" Y="246" T="1302127082872" Pressure="128"/>
        <Point X="554" Y="246" T="1302127082873" Pressure="128"/>
        <Point X="555" Y="247" T="1302127082874" Pressure="128"/>
        <Point X="556" Y="247" T="1302127082875" Pressure="128"/>
        <Point X="557" Y="247" T="1302127082876" Pressure="128"/>
        <Point X="558" Y="248" T="1302127082877" Pressure="128"/>
        <Point X="559" Y="248" T="1302127082878" Pressure="128"/>
        <Point X="560" Y="248" T="1302127082879" Pressure="128"/>
        <Point X="561" Y="249" T="1302127082880" Pressure="128"/>
        <Point X="562" Y="249" T="1302127082881" Pressure="128"/>
        <Point X="563" Y="249" T="1302127082882" Pressure="128"/>
        <Point X="564" Y="250" T="1302127082883" Pressure="128"/>
        <Point X="565" Y="250" T="1302127082884" Pressure="128"/>
        <Point X="566" Y="250" T="1302127082885" Pressure="128"/>
        <Point X="567" Y="251" T="1302127082886" Pressure="128"/>
        <Point X="568" Y="251" T="1302127082887" Pressure="128"/>
        <Point X="569" Y="252" T="1302127082888" Pressure="128"/>
        <Point X="570" Y="252" T="1302127082889" Pressure="128"/>
        <Point X="570" Y="253" T="1302127082890" Pressure="128"/>
        <Point X="571" Y="253" T="1302127082891" Pressure="128"/>
        <Point X="571" Y="254" T="1302127082892" Pressure="128"/>
        <Point X="570" Y="254" T="1302127082893" Pressure="128"/>
        <Point X="569" Y="255" T="1302127082894" Pressure="128"/>
        <Point X="568" Y="255" T="1302127082895" Pressure="128"/>
        <Point X="567" Y="256" T="1302127082896" Pressure="128"/>
        <Point X="566" Y="256" T="1302127082897" Pressure="128"/>
        <Point X="565" Y="257" T="1302127082898" Pressure="128"/>
        <Point X="564" Y="257" T="1302127082899" Pressure="128"/>
        <Point X="563" Y="257" T="1302127082900" Pressure="128"/>
        <Point X="562" Y="258" T="1302127082901" Pressure="128"/>
        <Point X="560" Y="259" T="1302127082902" Pressure="128"/>
        <Point X="558" Y="260" T="1302127082903" Pressure="128"/>
        <Point X="556" Y="261" T="1302127082904" Pressure="128"/>
        <Point X="553" Y="262" T="1302127082905" Pressure="128"/>
        <Point X="551" Y="263" T="1302127082906" Pressure="128"/>
        <Point X="548" Y="265" T="1302127082907" Pressure="128"/>
        <Point X="545" Y="267" T="1302127082908" Pressure="128"/>
        <Point X="544" Y="268" T="1302127082909" Pressure="128"/>
        <Point X="543" Y="268" T="1302127082910" Pressure="128"/>
        <Point X="541" Y="269" T="1302127082911" Pressure="128"/>
        <Point X="540" Y="270" T="1302127082912" Pressure="128"/>
        <Point X="538" Y="271" T="1302127082913" Pressure="128"/>
        <Point X="536" Y="273" T="1302127082914" Pressure="128"/>
        <Point X="535" Y="273" T="1302127082915" Pressure="128"/>
        <Point X="533" Y="275" T="1302127082916" Pressure="128"/>
        <Point X="531" Y="276" T="1302127082917" Pressure="128"/>
        <Point X="530" Y="277" T="1302127082918" Pressure="128"/>
        <Point X="529" Y="278" T="1302127082919" Pressure="128"/>
        <Point X="529" Y="279" T="1302127082920" Pressure="128"/>
        <Point X="528" Y="280" T="1302127082921" Pressure="128"/>
        <Point X="527" Y="280" T="1302127082922" Pressure="128"/>
        <Point X="527" Y="281" T="1302127082923" Pressure="128"/>
        <Point X="526" Y="282" T="1302127082924" Pressure="128"/>
        <Point X="525" Y="282" T="1302127082925" Pressure="128"/>
        <Point X="524" Y="283" T="1302127082926" Pressure="128"/>
        <Point X="524" Y="284" T="1302127082927" Pressure="128"/>
        <Point X="523" Y="284" T="1302127082928" Pressure="128"/>
        <Point X="522" Y="285" T="1302127082929" Pressure="128"/>
        <Point X="522" Y="286" T="1302127082930" Pressure="128"/>
        <Point X="521" Y="286" T="1302127082931" Pressure="128"/>
        <Point X="521" Y="287" T="1302127082932" Pressure="128"/>
        <Point X="520" Y="287" T="1302127082933" Pressure="128"/>
        <Point X="520" Y="288" T="1302127082934" Pressure="128"/>
        <Point X="519" Y="288" T="1302127082935" Pressure="128"/>
        <Point X="519" Y="289" T="1302127082936" Pressure="128"/>
        <Point X="518" Y="290" T="1302127082937" Pressure="128"/>
        <Point X="518" Y="291" T="1302127082938" Pressure="128"/>
        <Point X="518" Y="290" T="1302127082939" Pressure="128"/>
        <Point X="518" Y="290" T="1302127082940" Pressure="128"/>
    </Stroke>
</Gesture>
